day_index,total_energy_kwh,mean_power_w,peak_power_w,p95_power_w,min_power_w,load_factor,peak_to_mean_ratio,morning_energy_share,evening_energy_share,overnight_energy_share,weekend_flag,temperature_mean_c,temperature_sensitivity_w_per_c,monitored_plug_energy_share,hvac_energy_share,baseload_mean_w,event_rate_per_day,flexibility_score,cohort_label,cohort_label_code
0,15.588368,649.515324,2040.129423,1812.088886,138.163706,0.31837,3.141003,0.200002,0.199205,0.193486,0,18.882167,-55.507426,0.115373,0.67,86.309507,31.0,0.67796,balanced,0
1,14.153721,589.738368,1903.264514,1853.990015,158.618538,0.309856,3.227303,0.063344,0.313755,0.257621,0,20.13969,-56.411371,0.131952,0.632599,86.355032,26.0,0.731405,balanced,0
2,14.211307,592.137783,2007.817601,1760.987603,142.708279,0.294916,3.390795,0.124096,0.31949,0.232578,0,20.179511,-53.270534,0.129617,0.634278,86.215241,40.0,0.746493,balanced,0
3,14.959244,623.30182,2008.727347,1833.367507,144.593186,0.310297,3.22272,0.20643,0.242147,0.14272,1,19.671598,-55.931162,0.122063,0.637035,85.654124,25.0,0.702957,balanced,0
4,14.483528,603.480331,1918.485946,1812.904004,161.377561,0.314561,3.179036,0.065274,0.317804,0.248345,1,20.189945,-55.098806,0.12579,0.625875,86.176617,33.0,0.728936,balanced,0
5,14.328343,597.01428,2000.163611,1714.100757,125.578404,0.298483,3.350278,0.213991,0.254836,0.219648,0,19.876984,-53.46456,0.124887,0.645237,85.870434,26.0,0.71905,balanced,0
6,14.087147,586.96445,1949.34226,1849.939651,132.823541,0.301109,3.321057,0.219104,0.299746,0.108372,0,20.143522,-56.245846,0.128843,0.631788,85.761692,31.0,0.73366,balanced,0
7,14.14403,589.334603,1926.820592,1822.770457,135.730155,0.305859,3.269485,0.06452,0.313839,0.246566,0,20.149374,-55.173911,0.12898,0.638203,86.51177,29.0,0.734903,balanced,0
8,15.282737,636.780706,2011.248146,1784.518938,151.817883,0.31661,3.158463,0.19881,0.204961,0.203832,0,19.15557,-54.150911,0.11664,0.668318,87.235295,27.0,0.682042,balanced,0
9,14.202179,591.757468,1929.969831,1874.731984,160.114602,0.306615,3.26142,0.126061,0.317863,0.197504,0,20.174998,-57.289914,0.126776,0.632448,85.966875,35.0,0.735806,balanced,0
10,14.508514,604.521419,1975.851937,1783.49011,123.404244,0.305955,3.268456,0.066261,0.323862,0.229612,1,20.170064,-53.860813,0.125956,0.626643,86.053508,35.0,0.738694,balanced,0
11,15.491297,645.470688,2000.996493,1781.852396,142.469775,0.322575,3.100058,0.199277,0.208695,0.176281,1,19.170748,-55.313439,0.11598,0.651107,86.058046,24.0,0.677573,balanced,0
12,14.332877,597.203228,1922.368843,1849.491642,166.729102,0.31066,3.218953,0.066625,0.315631,0.253296,0,20.165889,-56.093426,0.12695,0.630883,86.468624,23.0,0.731445,balanced,0
13,14.338066,597.419428,1996.209267,1758.566483,81.404762,0.299277,3.341387,0.152662,0.302758,0.228701,0,20.156049,-53.043511,0.127015,0.633176,86.50619,37.0,0.736419,balanced,0
0,9.443697,393.487365,1159.184644,1089.356051,102.997897,0.339452,2.945926,0.186911,0.321431,0.140849,0,20.176114,-31.302077,0.199519,0.527598,65.613978,19.0,0.709042,low_baseload,1
1,9.492049,395.502055,1104.313524,1073.215184,105.424872,0.358143,2.792182,0.081427,0.318983,0.230245,0,20.174612,-29.884533,0.200569,0.527671,65.878715,16.0,0.691914,low_baseload,1
2,10.174338,423.930748,1211.515152,1030.859327,115.474802,0.349918,2.857814,0.19304,0.221791,0.188967,0,18.893192,-29.719359,0.18192,0.568026,66.143632,15.0,0.65603,low_baseload,1
3,9.600622,400.025917,1146.745243,1099.514403,132.830592,0.348836,2.866677,0.109551,0.322645,0.210501,1,20.126715,-31.427643,0.199,0.515607,66.314988,19.0,0.701534,low_baseload,1
4,9.550051,397.918789,1124.419389,1087.025958,126.890331,0.353888,2.825751,0.106518,0.324812,0.221399,1,20.148781,-29.403437,0.1975,0.524324,66.050995,16.0,0.69818,low_baseload,1
5,9.838405,409.933557,1181.996099,1054.208505,97.75963,0.346815,2.883385,0.200302,0.227477,0.162615,0,19.408564,-30.582171,0.193381,0.552091,65.161074,18.0,0.661572,low_baseload,1
6,9.416846,392.368604,1132.333523,1100.422095,127.57621,0.346513,2.885892,0.08249,0.316834,0.23816,0,20.159194,-31.372683,0.199537,0.531051,66.175354,20.0,0.700978,low_baseload,1
7,9.436396,393.183167,1197.497714,1045.141541,101.944014,0.328337,3.045648,0.18764,0.290237,0.21453,0,20.148837,-28.778923,0.20328,0.528478,65.514886,17.0,0.705632,low_baseload,1
8,9.310839,387.951607,1180.508327,1054.31215,116.630326,0.328631,3.042927,0.21237,0.291367,0.113393,0,20.134428,-30.973236,0.203107,0.528496,65.161434,16.0,0.705837,low_baseload,1
9,9.48652,395.271669,1123.071212,1081.852266,109.576445,0.351956,2.841264,0.083702,0.317466,0.234959,0,20.206324,-30.374681,0.197362,0.530341,65.856992,18.0,0.696562,low_baseload,1
10,10.145656,422.735674,1189.971062,1039.413716,107.847916,0.355249,2.814929,0.199108,0.228999,0.198442,1,19.40687,-29.448453,0.188189,0.541643,65.62931,16.0,0.654025,low_baseload,1
11,9.549169,397.882061,1148.47205,1100.217951,119.532317,0.346445,2.886464,0.16086,0.324037,0.165163,1,20.197936,-31.578279,0.200964,0.52028,65.676315,15.0,0.704189,low_baseload,1
12,9.472525,394.688546,1149.058655,1068.618916,119.198119,0.343489,2.911305,0.082237,0.318144,0.223491,0,20.174337,-29.807361,0.201844,0.527244,65.186898,16.0,0.704156,low_baseload,1
13,10.304488,429.353685,1208.547364,1031.533137,101.891485,0.355264,2.814806,0.193184,0.218832,0.188379,0,18.8995,-29.897591,0.18399,0.565615,65.752427,19.0,0.649447,low_baseload,1
0,26.285366,1095.223583,4013.472961,3861.738486,222.037783,0.272887,3.664524,0.044698,0.319089,0.258556,0,20.222882,-122.300494,0.097224,0.756467,100.897656,44.0,0.76529,hvac_sensitive,2
1,27.012778,1125.532404,4106.881793,3623.02711,163.115668,0.27406,3.648835,0.217532,0.249837,0.221235,0,19.979913,-116.717128,0.094918,0.7647,100.990716,41.0,0.740308,hvac_sensitive,2
2,25.691118,1070.463256,4149.826717,3850.493463,174.773043,0.257954,3.876664,0.22727,0.30635,0.081666,0,20.162394,-122.777672,0.100259,0.755419,100.915291,49.0,0.773984,hvac_sensitive,2
3,26.184681,1091.028393,4015.267287,3774.37496,178.010078,0.27172,3.680259,0.04492,0.318335,0.250065,1,20.178659,-121.326633,0.097248,0.750548,100.85693,45.0,0.766035,hvac_sensitive,2
4,28.815506,1200.646095,4180.485803,3593.431654,148.555196,0.287203,3.481863,0.204928,0.191327,0.199812,1,19.135801,-119.246427,0.087202,0.774975,101.915944,57.0,0.706628,hvac_sensitive,2
5,25.965793,1081.908021,4099.531822,3903.604462,190.381488,0.26391,3.789169,0.117917,0.327413,0.188768,0,20.161695,-123.429949,0.098252,0.753561,101.129189,53.0,0.775786,hvac_sensitive,2
6,26.002177,1083.424022,4118.357485,3729.315434,167.30712,0.263072,3.801243,0.043775,0.32143,0.244208,0,20.147349,-120.884087,0.099197,0.754789,100.802321,44.0,0.77451,hvac_sensitive,2
7,28.544024,1189.33432,4132.359616,3582.815488,168.717274,0.28781,3.474515,0.20585,0.192633,0.170584,0,19.145987,-120.235919,0.089407,0.779115,100.282215,44.0,0.706482,hvac_sensitive,2
8,25.984928,1082.705349,4040.797149,3872.38167,149.26983,0.267944,3.73213,0.044239,0.323105,0.261322,0,20.152989,-123.793203,0.098175,0.75601,100.85384,49.0,0.770902,hvac_sensitive,2
9,26.125398,1088.558262,4069.833278,3678.526548,170.781233,0.26747,3.738737,0.151661,0.298566,0.234899,0,20.164934,-119.402287,0.097033,0.756433,100.964084,46.0,0.763016,hvac_sensitive,2
10,26.527444,1105.31018,4147.231735,3762.808971,168.74939,0.266518,3.752098,0.223411,0.254576,0.103766,1,19.899151,-122.107343,0.096131,0.75433,100.641325,47.0,0.74905,hvac_sensitive,2
11,26.397626,1099.901082,4025.12393,3886.418063,217.39532,0.273259,3.659533,0.045505,0.31859,0.256818,1,20.228248,-122.184718,0.097415,0.74975,101.005654,46.0,0.764798,hvac_sensitive,2
12,27.367678,1140.319912,4117.531458,3642.86132,148.380182,0.276943,3.610856,0.214028,0.222389,0.214245,0,19.676776,-118.501281,0.092831,0.768952,100.441211,46.0,0.727974,hvac_sensitive,2
13,25.542711,1064.279614,4096.344607,3773.627789,180.038071,0.259812,3.848936,0.193739,0.332675,0.116744,0,20.15539,-122.948135,0.100512,0.755317,100.34748,55.0,0.780995,hvac_sensitive,2
0,16.035235,668.134784,1846.160691,1802.585303,188.128419,0.361905,2.763156,0.107395,0.324039,0.213264,0,20.177281,-47.670556,0.181808,0.494334,108.178059,32.0,0.690989,peak_heavy,3
1,16.659939,694.164121,1932.927529,1662.86918,177.178024,0.359126,2.78454,0.197425,0.243933,0.148726,0,19.3887,-45.588814,0.172565,0.517575,108.424065,36.0,0.657023,peak_heavy,3
2,15.969313,665.388044,1836.683045,1785.31569,187.390747,0.362277,2.760319,0.085927,0.331651,0.221024,0,20.177246,-50.004431,0.180285,0.495081,108.411382,28.0,0.694155,peak_heavy,3
3,16.320159,680.006637,1834.560433,1769.357281,186.214716,0.370665,2.697857,0.179793,0.303759,0.199523,1,20.150289,-45.580294,0.179153,0.483241,108.170148,24.0,0.674014,peak_heavy,3
4,16.162523,673.438448,1955.894452,1711.5013,201.393548,0.344312,2.90434,0.208152,0.304375,0.099518,1,20.147203,-47.890922,0.18067,0.476823,107.498143,33.0,0.697458,peak_heavy,3
5,15.960508,665.021149,1853.228037,1764.593197,204.438412,0.358845,2.78672,0.08657,0.323328,0.21999,0,20.186666,-49.408484,0.181454,0.494559,108.245948,29.0,0.69328,peak_heavy,3
6,16.788793,699.533061,1825.745937,1710.126374,183.242284,0.383149,2.609949,0.193825,0.240122,0.190222,0,19.42442,-44.567799,0.172928,0.51478,108.756443,30.0,0.632236,peak_heavy,3
7,15.851063,660.460974,1907.866825,1739.818635,207.326357,0.346178,2.88869,0.16003,0.333731,0.149507,0,20.172782,-48.697523,0.183347,0.490242,108.603524,27.0,0.708656,peak_heavy,3
8,15.964733,665.19721,1870.443971,1770.371624,242.642494,0.355636,2.811864,0.087168,0.323904,0.218824,0,20.188396,-48.358222,0.181664,0.494478,107.932659,30.0,0.696281,peak_heavy,3
9,17.356886,723.203581,1906.510252,1677.807463,170.048263,0.379334,2.636201,0.190092,0.237322,0.178452,0,18.969965,-44.071227,0.16949,0.534389,108.275354,29.0,0.634556,peak_heavy,3
10,16.38127,682.552921,1851.288171,1791.306408,175.166335,0.368691,2.7123,0.091237,0.332047,0.217725,1,20.133423,-49.601008,0.178036,0.476927,108.801373,28.0,0.688924,peak_heavy,3
11,16.47158,686.315838,1903.937954,1847.942585,198.354224,0.360472,2.774143,0.134285,0.329531,0.206829,1,20.158756,-47.512326,0.177966,0.483157,108.586698,39.0,0.694713,peak_heavy,3
12,16.366373,681.932191,1938.311421,1660.52843,184.390182,0.351818,2.842381,0.20143,0.263596,0.13498,0,19.664101,-46.390358,0.177722,0.50938,108.560386,25.0,0.672741,peak_heavy,3
13,15.886567,661.940304,1842.530385,1789.830345,199.859407,0.359256,2.78353,0.085617,0.329346,0.218395,0,20.157547,-50.064918,0.182668,0.494742,108.678647,31.0,0.695659,peak_heavy,3
0,17.592857,733.035724,2398.650424,2030.608082,115.66349,0.305603,3.272215,0.204353,0.205072,0.192482,0,19.155383,-65.923177,0.117605,0.709896,73.761118,39.0,0.693138,balanced,0
1,16.01085,667.118735,2368.389651,2233.839256,138.357678,0.281676,3.550177,0.122853,0.328992,0.188119,0,20.139003,-69.700272,0.128319,0.683803,73.353912,28.0,0.761254,balanced,0
2,16.147371,672.807143,2323.823168,2137.280593,129.471472,0.289526,3.453922,0.054822,0.320593,0.237342,0,20.192075,-67.008821,0.128766,0.685711,73.413777,26.0,0.751529,balanced,0
3,17.781953,740.914716,2415.111085,2124.455217,132.522955,0.306783,3.259634,0.201836,0.207252,0.167623,1,19.146901,-66.970981,0.114921,0.703315,74.067857,28.0,0.692798,balanced,0
4,16.378645,682.443535,2279.102752,2255.520905,124.053058,0.299435,3.339621,0.057031,0.324766,0.252701,1,20.157595,-69.515621,0.126466,0.67592,74.384909,31.0,0.744604,balanced,0
5,16.08447,670.186248,2320.441175,2082.695343,121.209898,0.288818,3.462383,0.15396,0.307358,0.225743,0,20.13568,-66.108352,0.130006,0.685091,73.393961,20.0,0.747308,balanced,0
6,16.291711,678.821288,2419.183509,2142.492723,123.998122,0.280599,3.5638,0.217924,0.26387,0.108063,0,19.913937,-68.187188,0.127952,0.690928,73.105307,28.0,0.739085,balanced,0
7,16.160854,673.368913,2296.531622,2200.641017,145.367234,0.293211,3.41051,0.056835,0.319512,0.246483,0,20.202773,-68.444411,0.128954,0.683916,73.8776,33.0,0.747966,balanced,0
8,16.827186,701.132733,2342.596396,2092.027406,136.300939,0.299297,3.34116,0.210496,0.22919,0.208828,0,19.698771,-65.923322,0.122999,0.70011,73.70667,32.0,0.708588,balanced,0
9,16.022804,667.616823,2380.582716,2217.83546,129.890317,0.280443,3.565792,0.189121,0.330389,0.122756,0,20.126789,-69.315761,0.129234,0.682508,73.90078,36.0,0.762795,balanced,0
10,16.554874,689.786397,2340.334775,2203.304364,139.938356,0.294738,3.39284,0.057645,0.320125,0.241489,1,20.213493,-67.845396,0.126553,0.680363,74.045665,30.0,0.746882,balanced,0
11,18.207108,758.629518,2411.017742,2068.839868,105.293222,0.314651,3.178123,0.199332,0.200807,0.189392,1,18.93152,-66.202719,0.112618,0.708681,72.855194,33.0,0.682358,balanced,0
12,16.067785,669.491029,2348.380325,2233.089007,123.466986,0.285086,3.50771,0.089938,0.328687,0.219309,0,20.139064,-69.342689,0.128432,0.682952,73.931133,39.0,0.758254,balanced,0
13,16.116639,671.526609,2340.897419,2117.945843,129.104859,0.286867,3.485934,0.086555,0.324138,0.23574,0,20.186425,-66.83305,0.129887,0.685835,73.296857,30.0,0.755096,balanced,0
0,11.42132,475.88833,1473.484749,1294.083723,111.74739,0.322968,3.096283,0.211402,0.301917,0.098452,0,20.157367,-37.89055,0.226286,0.534126,64.464995,18.0,0.71521,low_baseload,1
1,11.540001,480.833387,1397.256918,1362.131865,137.959609,0.344127,2.905907,0.078576,0.322664,0.224724,0,20.137488,-38.844336,0.225491,0.537637,64.366944,20.0,0.705571,low_baseload,1
2,12.283142,511.797567,1427.299521,1272.651529,136.840223,0.358578,2.788797,0.198626,0.231587,0.194093,0,19.45128,-35.293778,0.213612,0.556461,64.718863,22.0,0.651955,low_baseload,1
3,11.694712,487.279654,1445.172877,1332.795625,140.711123,0.337177,2.965798,0.159805,0.333189,0.155003,1,20.13551,-38.799249,0.226882,0.521198,64.124065,19.0,0.716,low_baseload,1
4,11.800851,491.702131,1382.53088,1364.812529,144.979894,0.355654,2.811724,0.080416,0.324832,0.218564,1,20.203884,-37.337849,0.220636,0.530959,63.583665,19.0,0.696683,low_baseload,1
5,12.539853,522.493858,1454.712531,1256.333505,122.593795,0.359173,2.784172,0.194821,0.232397,0.178305,0,18.932368,-35.786044,0.208515,0.572777,64.107803,17.0,0.651744,low_baseload,1
6,11.601684,483.403513,1410.309945,1355.678964,123.25036,0.342764,2.917459,0.08176,0.32749,0.228255,0,20.194573,-39.047335,0.226102,0.535768,64.408219,26.0,0.708827,low_baseload,1
7,11.596746,483.197738,1388.711775,1334.439912,129.329715,0.347947,2.874003,0.131511,0.326441,0.213659,0,20.145923,-36.75412,0.227456,0.535171,63.944035,16.0,0.703963,low_baseload,1
8,11.89321,495.550421,1454.102603,1268.835588,122.243247,0.340795,2.934318,0.204874,0.257231,0.134134,0,19.641112,-37.15995,0.219719,0.547615,63.778362,18.0,0.680255,low_baseload,1
9,11.589163,482.881776,1374.985209,1347.988046,139.258778,0.351191,2.847457,0.081684,0.328153,0.224579,0,20.182349,-38.633991,0.224608,0.535817,64.468631,23.0,0.701963,low_baseload,1
10,12.025554,501.064749,1430.532461,1309.630766,109.642725,0.350265,2.854985,0.203534,0.275645,0.202091,1,19.918528,-35.444973,0.216189,0.538905,63.823102,25.0,0.679517,low_baseload,1
11,11.709889,487.912049,1460.968775,1303.467456,144.621951,0.333965,2.994328,0.211198,0.314745,0.101862,1,20.100826,-38.14476,0.226154,0.519835,64.472207,22.0,0.710925,low_baseload,1
12,11.671111,486.296291,1390.518005,1353.402994,143.265093,0.349723,2.859405,0.081523,0.323251,0.224399,0,20.202023,-38.141194,0.226865,0.534126,64.952038,19.0,0.701042,low_baseload,1
13,12.37019,515.424567,1437.250312,1239.761505,126.821323,0.358619,2.788478,0.196722,0.233589,0.187691,0,19.17679,-35.426747,0.210588,0.566547,64.533988,29.0,0.652822,low_baseload,1
0,23.034463,959.769273,3489.837685,3357.904759,218.719576,0.275018,3.636121,0.04702,0.317493,0.262927,0,20.183807,-107.143216,0.082224,0.736683,115.476276,37.0,0.762903,hvac_sensitive,2
1,22.98918,957.882505,3539.643674,3196.301612,159.831388,0.270616,3.69528,0.151406,0.298808,0.236509,0,20.171912,-102.56402,0.082741,0.740079,116.796483,46.0,0.760311,hvac_sensitive,2
2,23.521754,980.073087,3617.836986,3304.56091,190.117672,0.2709,3.691395,0.221573,0.251893,0.111723,0,19.856926,-105.89374,0.081098,0.739698,115.618307,41.0,0.744005,hvac_sensitive,2
3,23.377731,974.072121,3473.318452,3369.153533,195.231428,0.280444,3.565771,0.046791,0.316998,0.259955,1,20.193581,-105.420586,0.079602,0.737213,114.959193,45.0,0.75805,hvac_sensitive,2
4,24.494795,1020.616448,3612.879231,3079.659118,158.750485,0.282494,3.539899,0.213089,0.217597,0.215468,1,19.667854,-102.472847,0.075763,0.748034,116.365617,47.0,0.720812,hvac_sensitive,2
5,22.83108,951.294983,3525.244079,3393.025338,155.917738,0.269852,3.705732,0.188957,0.325343,0.1244,0,20.16009,-107.043193,0.08228,0.738557,115.430541,42.0,0.770032,hvac_sensitive,2
6,23.188058,966.169071,3514.501109,3365.975636,147.560062,0.274909,3.637563,0.044176,0.314417,0.253684,0,20.155829,-104.260576,0.080744,0.740324,115.533814,44.0,0.761929,hvac_sensitive,2
7,25.882993,1078.458041,3614.354871,3181.705641,152.612156,0.298382,3.35141,0.201501,0.181496,0.195266,0,18.919577,-104.432797,0.073799,0.764921,115.765943,37.0,0.691503,hvac_sensitive,2
8,22.828323,951.180139,3497.807718,3351.192057,195.242762,0.271936,3.677335,0.082644,0.322521,0.22968,0,20.172215,-107.150094,0.082905,0.737927,115.481313,51.0,0.767287,hvac_sensitive,2
9,23.064038,961.001593,3537.309817,3222.733524,165.324478,0.271676,3.680857,0.079755,0.315306,0.245679,0,20.208511,-103.827881,0.081139,0.743567,115.44591,49.0,0.765034,hvac_sensitive,2
10,24.832004,1034.666824,3664.102391,3259.876984,157.832262,0.282379,3.541336,0.211551,0.199727,0.152596,1,19.395632,-105.250779,0.075705,0.749474,114.692856,44.0,0.714551,hvac_sensitive,2
11,23.37262,973.859184,3497.485341,3359.92763,211.503584,0.278446,3.591367,0.04585,0.318468,0.257279,1,20.220561,-106.113321,0.080586,0.732795,115.169268,48.0,0.760291,hvac_sensitive,2
12,22.968201,957.008378,3528.359561,3193.021849,158.350288,0.271233,3.686864,0.188242,0.272818,0.231316,0,20.140058,-103.043463,0.082131,0.735612,115.254628,49.0,0.75086,hvac_sensitive,2
13,22.896817,954.034029,3595.495643,3293.152071,196.649968,0.265341,3.768729,0.22781,0.283733,0.086805,0,20.154073,-105.523538,0.083357,0.737021,114.984344,40.0,0.75993,hvac_sensitive,2
0,15.435975,643.165621,1932.462284,1812.785666,139.370417,0.332822,3.004611,0.073459,0.319836,0.230613,0,20.144631,-52.289544,0.116619,0.566042,114.976192,39.0,0.714055,peak_heavy,3
1,17.083321,711.805049,2059.082565,1810.140961,154.40375,0.34569,2.892762,0.194733,0.214686,0.187805,0,18.948901,-53.569753,0.108254,0.600971,114.330014,33.0,0.657083,peak_heavy,3
2,15.645776,651.907332,1925.698201,1874.026139,184.423382,0.33853,2.953945,0.0765,0.321337,0.24028,0,20.175937,-54.868669,0.118078,0.565181,114.137527,34.0,0.709792,peak_heavy,3
3,16.020829,667.534545,2000.119728,1790.473347,151.192229,0.333747,2.996279,0.130798,0.325254,0.216543,1,20.205602,-50.956724,0.116331,0.552385,113.99395,32.0,0.715544,peak_heavy,3
4,16.446998,685.291589,2025.784577,1873.876211,194.352778,0.338285,2.956091,0.20179,0.250308,0.1423,1,19.714714,-54.21866,0.11257,0.568076,114.490086,32.0,0.679651,peak_heavy,3
5,15.511496,646.312314,1929.733179,1860.776682,149.098123,0.334923,2.98576,0.077547,0.316666,0.234285,0,20.20781,-53.80139,0.118796,0.572102,114.04327,35.0,0.710908,peak_heavy,3
6,16.02118,667.549169,2045.83878,1762.388334,138.167123,0.326296,3.064701,0.206684,0.26461,0.209146,0,19.936968,-51.559859,0.113089,0.572157,114.161208,29.0,0.696899,peak_heavy,3
7,15.376702,640.695933,1940.582824,1891.078443,187.594666,0.330156,3.028867,0.21129,0.307972,0.113075,0,20.159978,-55.385447,0.117513,0.568598,113.302723,30.0,0.711397,peak_heavy,3
8,15.503494,645.978904,1946.037459,1852.239068,153.843632,0.331946,3.01254,0.073644,0.32164,0.233241,0,20.158718,-53.354389,0.117421,0.566587,114.701368,34.0,0.715564,peak_heavy,3
9,16.739214,697.467264,2044.137317,1758.770081,166.524125,0.341204,2.9308,0.198333,0.218944,0.19444,0,19.183862,-51.695782,0.110294,0.594291,114.592521,31.0,0.663369,peak_heavy,3
10,15.869218,661.217396,1969.593701,1902.483455,194.782935,0.335713,2.978738,0.132328,0.323374,0.188055,1,20.109462,-55.984839,0.11629,0.54972,113.413799,30.0,0.713071,peak_heavy,3
11,15.970377,665.432395,1993.344232,1832.606679,171.740463,0.333827,2.995562,0.0785,0.325041,0.22414,1,20.167609,-52.030106,0.114398,0.555469,114.33563,31.0,0.715386,peak_heavy,3
12,16.66518,694.3825,2047.147938,1812.921755,181.796007,0.339195,2.948156,0.198802,0.217467,0.17461,0,19.204214,-53.904851,0.108356,0.594871,113.975993,42.0,0.664718,peak_heavy,3
13,15.625881,651.078365,1952.750355,1881.333891,185.517552,0.333416,2.999255,0.077999,0.317704,0.239584,0,20.154594,-55.389965,0.119281,0.562474,114.290619,35.0,0.712646,peak_heavy,3
0,16.566215,690.258955,2175.015827,1888.108743,143.694543,0.317358,3.151014,0.208289,0.236445,0.207356,0,19.670043,-57.696076,0.137727,0.630167,94.485671,36.0,0.693911,balanced,0
1,15.816443,659.018446,2099.402439,2048.327204,161.120406,0.313908,3.18565,0.185303,0.32525,0.131847,0,20.173507,-61.229424,0.145363,0.612997,94.006056,23.0,0.732452,balanced,0
2,15.875781,661.490872,2134.397524,1959.664355,143.828508,0.309919,3.226647,0.067183,0.317427,0.237042,0,20.189045,-58.914901,0.146082,0.618391,94.267067,29.0,0.732788,balanced,0
3,17.47277,728.032078,2202.591548,1893.142566,155.379868,0.330534,3.025405,0.197264,0.209566,0.192327,1,18.924418,-58.826855,0.129684,0.646424,93.783166,24.0,0.669981,balanced,0
4,15.988595,666.19145,2087.491009,2026.421034,176.342181,0.319135,3.13347,0.09784,0.326332,0.216012,1,20.186055,-61.055704,0.145102,0.608254,94.002124,29.0,0.728432,balanced,0
5,15.819162,659.131733,2139.9252,1916.052581,147.210023,0.308016,3.246582,0.095817,0.327457,0.228466,0,20.186089,-57.861113,0.145953,0.620297,93.608624,35.0,0.738332,balanced,0
6,16.768272,698.678012,2223.115983,1987.671822,154.305516,0.314279,3.181889,0.202659,0.220692,0.158131,0,19.44276,-59.906046,0.136279,0.639578,94.896156,25.0,0.690627,balanced,0
7,15.970087,665.420282,2122.533359,1994.472713,169.273848,0.313503,3.189764,0.06934,0.318779,0.244947,0,20.178529,-60.657425,0.144143,0.611952,94.561236,27.0,0.730234,balanced,0
8,15.790106,657.921078,2194.740024,1869.174749,157.394421,0.299772,3.335871,0.186517,0.286665,0.223351,0,20.172897,-57.334808,0.14672,0.618844,93.896268,27.0,0.729889,balanced,0
9,15.661826,652.576097,2137.831967,2012.953191,152.511017,0.305251,3.275989,0.21609,0.289595,0.102014,0,20.18467,-60.69353,0.146012,0.616408,94.464488,29.0,0.726081,balanced,0
10,16.029854,667.9106,2112.485011,1982.925102,167.939602,0.316173,3.162826,0.068307,0.32118,0.240341,1,20.166881,-59.379716,0.142127,0.607695,94.406067,33.0,0.728895,balanced,0
11,17.086658,711.944088,2226.247422,1908.749886,136.910938,0.319796,3.126998,0.205729,0.217521,0.201828,1,19.407809,-57.867756,0.135253,0.628164,93.820889,32.0,0.683916,balanced,0
12,15.774037,657.251547,2114.743904,2046.602338,162.648543,0.310795,3.217556,0.156389,0.320495,0.16315,0,20.188314,-61.316054,0.145984,0.615201,95.054098,33.0,0.733238,balanced,0
13,15.868043,661.168464,2131.133361,1941.58582,128.216188,0.310243,3.223283,0.067663,0.32036,0.234474,0,20.204651,-58.323124,0.1457,0.617401,94.709886,35.0,0.733659,balanced,0
0,11.341391,472.557955,1548.21728,1299.360775,100.194882,0.305227,3.276248,0.209681,0.257298,0.1291,0,19.627429,-39.589072,0.189817,0.612438,45.121972,25.0,0.713651,low_baseload,1
1,11.088234,462.009735,1423.934893,1384.075107,94.273568,0.32446,3.082045,0.074115,0.32594,0.234039,0,20.156563,-41.344384,0.192543,0.594613,45.212251,32.0,0.72374,low_baseload,1
2,11.401715,475.071466,1455.248516,1299.55376,105.036955,0.326454,3.06322,0.20806,0.267466,0.210366,0,19.927729,-38.651237,0.189535,0.604139,45.154155,28.0,0.69793,low_baseload,1
3,11.146807,464.450285,1544.106571,1368.353329,90.489255,0.300789,3.32459,0.217225,0.321993,0.088317,1,20.130267,-40.936829,0.19334,0.581485,45.514894,33.0,0.742395,low_baseload,1
4,11.212333,467.180544,1453.094375,1381.724354,128.20593,0.321507,3.110349,0.072701,0.327232,0.226005,1,20.156489,-41.398077,0.191275,0.590257,46.049837,29.0,0.726779,low_baseload,1
5,12.078813,503.283868,1459.079847,1319.956475,98.283504,0.344932,2.899119,0.192559,0.224249,0.188765,0,19.212251,-38.265206,0.177837,0.627342,45.54214,27.0,0.662002,low_baseload,1
6,11.070531,461.272145,1522.819176,1363.261222,103.219483,0.302907,3.301346,0.130784,0.333225,0.176466,0,20.143607,-40.784145,0.195423,0.591907,46.080368,32.0,0.744879,low_baseload,1
7,11.056978,460.707433,1423.712715,1370.389873,118.90122,0.323596,3.090275,0.068864,0.327366,0.225786,0,20.20341,-40.01406,0.195053,0.601135,45.489967,26.0,0.725059,low_baseload,1
8,11.834705,493.112714,1475.514479,1292.166887,97.436906,0.334197,2.992246,0.198911,0.221706,0.166627,0,19.181063,-38.827314,0.179923,0.629235,45.332903,27.0,0.671448,low_baseload,1
9,10.980575,457.523969,1433.469099,1387.45037,102.313214,0.319173,3.133102,0.069727,0.32709,0.23422,0,20.164496,-41.793757,0.199372,0.598569,44.637801,23.0,0.728706,low_baseload,1
10,11.278734,469.94726,1467.785176,1386.621691,79.307978,0.320174,3.123298,0.154325,0.317577,0.208802,1,20.168813,-39.332189,0.190527,0.590606,44.888332,25.0,0.724007,low_baseload,1
11,11.336487,472.353621,1534.479398,1353.114453,97.993923,0.307827,3.248582,0.210446,0.277919,0.109713,1,19.865346,-40.094167,0.187488,0.590577,45.889897,29.0,0.719231,low_baseload,1
12,11.02754,459.480824,1435.859154,1375.137363,107.477023,0.320004,3.12496,0.069281,0.326762,0.231414,0,20.11462,-41.391681,0.196271,0.597328,44.892109,25.0,0.727867,low_baseload,1
13,11.533966,480.581927,1441.246054,1352.501394,91.065682,0.333449,2.99896,0.201022,0.251014,0.199835,0,19.693211,-38.08625,0.184123,0.613979,44.818803,24.0,0.684528,low_baseload,1
0,23.642132,985.08883,3738.927227,3594.058519,130.271406,0.263468,3.795523,0.079102,0.32622,0.220551,0,20.142062,-112.819718,0.089292,0.758472,98.03243,52.0,0.775765,hvac_sensitive,2
1,24.014629,1000.609528,3682.254965,3447.632356,154.769888,0.271738,3.680012,0.077537,0.316072,0.244127,0,20.225213,-110.366287,0.087161,0.762212,97.802733,48.0,0.765243,hvac_sensitive,2
2,25.555175,1064.798955,3857.707445,3366.758015,168.078767,0.276019,3.622944,0.212684,0.193098,0.145135,0,19.406676,-111.334767,0.083487,0.773609,98.361213,47.0,0.71867,hvac_sensitive,2
3,24.014581,1000.607551,3644.500369,3594.476641,168.965161,0.274553,3.642287,0.045012,0.317215,0.254131,1,20.184564,-113.018445,0.087653,0.753702,97.67548,47.0,0.763208,hvac_sensitive,2
4,24.032437,1001.351534,3742.431194,3451.370384,146.015822,0.267567,3.73738,0.187684,0.275061,0.231308,1,20.152652,-109.787758,0.089028,0.754553,98.349155,50.0,0.754985,hvac_sensitive,2
5,23.453811,977.242134,3777.185753,3396.395247,165.099683,0.258722,3.865148,0.229421,0.283566,0.073744,0,20.148431,-111.843244,0.0903,0.757438,98.307351,45.0,0.765864,hvac_sensitive,2
6,23.831308,992.971164,3654.788728,3541.001337,175.584825,0.27169,3.680659,0.044492,0.315833,0.251336,0,20.183163,-112.374904,0.088164,0.75869,98.086099,49.0,0.765202,hvac_sensitive,2
7,25.783618,1074.317432,3780.145499,3313.163243,140.609801,0.2842,3.518649,0.209399,0.190661,0.204681,0,19.423965,-109.020236,0.081212,0.776842,97.546894,47.0,0.709456,hvac_sensitive,2
8,23.682124,986.755174,3791.029241,3487.152696,158.81156,0.260287,3.841915,0.154527,0.328518,0.146349,0,20.166441,-112.405566,0.090232,0.75564,98.098267,40.0,0.779228,hvac_sensitive,2
9,23.903087,995.961971,3693.327512,3484.782847,168.938498,0.269665,3.708302,0.043912,0.312208,0.248151,0,20.212538,-111.654252,0.08886,0.760711,97.687782,42.0,0.765718,hvac_sensitive,2
10,26.955766,1123.156922,3835.776269,3319.759708,152.862427,0.292811,3.415174,0.200317,0.184015,0.190397,1,18.908615,-110.048916,0.078468,0.782544,98.132734,52.0,0.698195,hvac_sensitive,2
11,23.670808,986.283683,3663.139927,3594.723794,157.820509,0.269245,3.714083,0.042681,0.325228,0.254885,1,20.133569,-113.252325,0.089974,0.755407,97.648789,47.0,0.77051,hvac_sensitive,2
12,24.051745,1002.156032,3763.958461,3435.50419,170.461376,0.266251,3.755861,0.115391,0.317895,0.239353,0,20.208198,-110.67651,0.088747,0.75871,98.507153,35.0,0.770597,hvac_sensitive,2
13,24.750913,1031.288039,3823.833883,3304.96912,136.316465,0.2697,3.707823,0.21852,0.224446,0.122384,0,19.644512,-111.127618,0.084639,0.770296,97.706243,51.0,0.735789,hvac_sensitive,2
0,17.552149,731.339544,2421.718282,2204.88136,146.646852,0.301992,3.311346,0.063387,0.320146,0.241156,0,20.215302,-66.968785,0.12628,0.634481,89.995229,46.0,0.740661,peak_heavy,3
1,18.763355,781.806455,2502.338957,2162.709902,144.024766,0.31243,3.200714,0.200526,0.209663,0.19504,0,19.113964,-67.451672,0.117954,0.661053,90.138892,36.0,0.688095,peak_heavy,3
2,17.3421,722.587498,2344.002584,2250.610867,161.393066,0.308271,3.243901,0.124162,0.32488,0.193165,0,20.133576,-69.936584,0.126702,0.630715,90.347953,46.0,0.737112,peak_heavy,3
3,17.768767,740.365303,2385.782234,2162.580501,158.176657,0.310324,3.222439,0.063647,0.327914,0.231403,1,20.163154,-65.921533,0.125209,0.625231,89.559388,26.0,0.73655,peak_heavy,3
4,19.280431,803.351281,2457.729024,2270.872549,143.227848,0.326867,3.059345,0.199866,0.213126,0.173501,1,19.158142,-68.27883,0.11624,0.645479,90.446836,42.0,0.675112,peak_heavy,3
5,17.559852,731.660489,2383.855315,2259.208482,161.552264,0.306923,3.258144,0.061761,0.321148,0.252437,0,20.189807,-69.20268,0.124905,0.633751,90.247139,37.0,0.736814,peak_heavy,3
6,17.45006,727.085827,2443.778784,2186.418809,130.814959,0.297525,3.36106,0.15439,0.310708,0.220085,0,20.169383,-65.113347,0.127358,0.634529,89.057469,36.0,0.740949,peak_heavy,3
7,17.718123,738.255143,2452.61877,2308.172381,174.91515,0.301007,3.322183,0.213157,0.262297,0.120944,0,19.931311,-69.334174,0.127791,0.638917,90.286425,37.0,0.719511,peak_heavy,3
8,17.452945,727.206055,2345.936233,2235.760485,148.25874,0.309985,3.225958,0.064078,0.317927,0.247985,0,20.145944,-67.799765,0.127026,0.633608,89.411806,26.0,0.732927,peak_heavy,3
9,18.098721,754.113362,2482.745772,2138.140273,123.078419,0.303742,3.292271,0.210349,0.234513,0.206463,0,19.593726,-66.425878,0.124708,0.648989,90.198019,45.0,0.706303,peak_heavy,3
10,17.62335,734.306256,2354.379062,2312.729005,159.260502,0.31189,3.206263,0.184775,0.326465,0.130923,1,20.146577,-70.006484,0.125958,0.621594,90.320242,41.0,0.73465,peak_heavy,3
11,17.726681,738.61169,2371.107122,2177.720042,149.895599,0.311505,3.210221,0.064924,0.323265,0.236821,1,20.17391,-65.488599,0.124779,0.628703,89.751792,35.0,0.733718,peak_heavy,3
12,19.332929,805.538699,2511.238045,2177.553443,143.476575,0.320774,3.117464,0.197313,0.204559,0.193364,0,18.938569,-67.11528,0.114996,0.670693,89.998534,36.0,0.677697,peak_heavy,3
13,17.452199,727.174938,2354.538439,2287.61875,200.764699,0.30884,3.237926,0.09243,0.323297,0.222508,0,20.082485,-70.206738,0.128093,0.63041,89.290186,37.0,0.736009,peak_heavy,3
0,16.889177,703.71572,2467.109643,2172.265258,108.649114,0.285239,3.505833,0.187686,0.285868,0.22559,0,20.180409,-69.165102,0.107969,0.696845,78.011342,36.0,0.742697,balanced,0
1,16.671705,694.654365,2534.936957,2313.58792,142.929248,0.274032,3.649206,0.22169,0.289532,0.087871,0,20.166989,-73.000094,0.112835,0.69129,78.240302,28.0,0.754074,balanced,0
2,17.081941,711.747543,2492.898857,2352.738767,141.428792,0.28551,3.502504,0.053186,0.318779,0.249891,0,20.222219,-71.89564,0.110582,0.696895,78.568009,26.0,0.754322,balanced,0
3,18.295537,762.314049,2524.162042,2260.204958,120.046627,0.302007,3.311184,0.208285,0.204533,0.203545,1,19.429433,-69.620551,0.102323,0.703372,77.77184,33.0,0.696543,balanced,0
4,16.787333,699.472203,2488.417048,2336.001596,126.28221,0.281091,3.557564,0.157646,0.331565,0.151744,1,20.117073,-73.624625,0.111,0.682477,77.963746,33.0,0.762664,balanced,0
5,16.910456,704.602322,2439.34945,2228.750383,108.673217,0.288848,3.462023,0.054745,0.321482,0.240368,0,20.172984,-71.177511,0.112596,0.691913,77.673224,32.0,0.752435,balanced,0
6,18.79348,783.061668,2556.053607,2238.941433,121.574545,0.306356,3.264179,0.201115,0.199518,0.189517,0,18.868106,-71.511065,0.102461,0.720143,77.87363,31.0,0.690233,balanced,0
7,16.808959,700.373278,2401.6493,2357.503295,144.172507,0.291622,3.429099,0.055565,0.324761,0.25277,0,20.152614,-73.453907,0.110452,0.692984,77.529225,28.0,0.751266,balanced,0
8,16.933984,705.582669,2484.967202,2241.309305,110.644853,0.28394,3.521865,0.120643,0.325382,0.231212,0,20.147577,-69.991285,0.111612,0.690963,77.882315,33.0,0.75804,balanced,0
9,17.524057,730.169053,2545.663416,2272.75326,138.916726,0.286829,3.486403,0.215014,0.234366,0.132996,0,19.682774,-72.109524,0.107173,0.706859,77.7423,25.0,0.722603,balanced,0
10,17.135024,713.959323,2438.195134,2352.383845,168.212681,0.292823,3.415034,0.056591,0.323827,0.250412,1,20.155958,-72.734145,0.11009,0.683616,77.943442,33.0,0.749896,balanced,0
11,17.545022,731.042583,2515.628275,2178.09437,122.113276,0.2906,3.441151,0.214292,0.261541,0.213607,1,19.956783,-68.907417,0.105181,0.692215,78.035051,34.0,0.728931,balanced,0
12,16.64464,693.526647,2519.597919,2307.578928,141.576936,0.275253,3.633023,0.223889,0.307445,0.089216,0,20.122683,-73.260226,0.112512,0.691406,77.761355,37.0,0.759207,balanced,0
13,16.759346,698.306091,2436.051276,2275.346635,125.364257,0.286655,3.488515,0.054756,0.319014,0.247086,0,20.114958,-72.153548,0.111514,0.693697,77.60492,29.0,0.753422,balanced,0
0,11.779468,490.811187,1380.576464,1210.581179,120.700142,0.355512,2.812846,0.198607,0.236779,0.16733,0,19.192469,-34.111503,0.2575,0.545458,53.278295,17.0,0.657262,low_baseload,1
1,11.024608,459.358663,1323.16176,1275.295531,151.44476,0.347167,2.880455,0.08359,0.325333,0.229007,0,20.180546,-35.449786,0.272231,0.516405,54.33873,22.0,0.70414,low_baseload,1
2,11.005789,458.574539,1302.628669,1217.739704,111.254439,0.352038,2.840604,0.157843,0.311664,0.213608,0,20.180197,-32.27533,0.273106,0.517959,54.681479,14.0,0.693911,low_baseload,1
3,11.262512,469.271351,1365.278054,1222.528478,140.279182,0.343719,2.909357,0.206801,0.277028,0.125068,1,19.925023,-34.91354,0.268373,0.51319,54.507876,23.0,0.686107,low_baseload,1
4,11.152693,464.69553,1340.833439,1272.490561,125.426668,0.346572,2.885402,0.083674,0.32911,0.225537,1,20.205584,-34.580305,0.266838,0.513422,53.942092,22.0,0.706301,low_baseload,1
5,11.310618,471.275764,1338.978436,1196.109881,128.836086,0.351967,2.841178,0.203326,0.25792,0.198344,0,19.623921,-32.742784,0.261504,0.533191,53.829298,23.0,0.670079,low_baseload,1
6,10.951112,456.296345,1343.811394,1258.547796,131.750493,0.339554,2.945041,0.184449,0.328036,0.136876,0,20.131705,-36.190293,0.27311,0.516574,54.102136,30.0,0.711788,low_baseload,1
7,11.073508,461.396161,1292.705023,1254.525689,128.332741,0.356923,2.801725,0.08285,0.328249,0.221594,0,20.204872,-33.435507,0.274278,0.51869,54.266456,24.0,0.697141,low_baseload,1
8,11.874896,494.787346,1399.694269,1186.710595,130.847024,0.353497,2.82888,0.195833,0.230514,0.184416,0,18.895076,-33.605959,0.255246,0.557435,53.783177,24.0,0.656407,low_baseload,1
9,11.009612,458.733831,1281.169952,1249.780572,125.074735,0.358059,2.792839,0.111589,0.325688,0.210165,0,20.156839,-35.537464,0.274369,0.514553,53.466818,12.0,0.695019,low_baseload,1
10,11.226233,467.759717,1306.167347,1256.360082,141.658921,0.358116,2.79239,0.110512,0.328295,0.212913,1,20.180899,-32.722267,0.270744,0.509301,54.026608,23.0,0.696149,low_baseload,1
11,11.606635,483.60978,1419.019889,1186.087625,124.975646,0.340805,2.934225,0.20253,0.244204,0.152253,1,19.404434,-34.392468,0.258129,0.531694,53.520482,24.0,0.674637,low_baseload,1
12,10.949826,456.242742,1306.896017,1257.470291,137.177815,0.349104,2.864475,0.08662,0.321034,0.230355,0,20.170918,-35.302924,0.272434,0.519178,53.650925,26.0,0.700594,low_baseload,1
13,10.999304,458.304337,1331.023013,1194.812425,112.482003,0.344325,2.904234,0.182348,0.296363,0.209079,0,20.154973,-32.536922,0.272999,0.51676,54.120192,18.0,0.693962,low_baseload,1
0,24.577949,1024.081195,3923.567408,3697.892097,177.235416,0.261008,3.831305,0.154397,0.326657,0.156116,0,20.14139,-118.677512,0.087435,0.752771,99.012199,51.0,0.778003,hvac_sensitive,2
1,24.908425,1037.851036,3813.794735,3650.861546,162.499107,0.272131,3.674703,0.042624,0.319633,0.251049,0,20.189308,-115.30586,0.084784,0.76213,98.63477,32.0,0.766128,hvac_sensitive,2
2,27.984528,1166.021995,3953.875203,3432.268033,138.790777,0.294906,3.39091,0.200376,0.18798,0.189922,0,18.936338,-114.345875,0.075715,0.78658,99.224417,48.0,0.697512,hvac_sensitive,2
3,24.915113,1038.129721,3799.386802,3703.953049,146.395247,0.273236,3.659838,0.045235,0.322078,0.261811,1,20.176732,-117.953403,0.08541,0.754274,99.7629,54.0,0.766022,hvac_sensitive,2
4,25.059621,1044.150859,3915.532101,3526.316756,163.937233,0.266669,3.749968,0.11554,0.321246,0.238367,1,20.191705,-113.967147,0.085146,0.754927,99.190847,48.0,0.771365,hvac_sensitive,2
5,25.86145,1077.560399,3974.083251,3470.90586,150.266771,0.271147,3.688038,0.21687,0.224875,0.127847,0,19.641489,-116.014138,0.081973,0.769976,99.585382,46.0,0.734519,hvac_sensitive,2
6,24.964928,1040.205325,3873.355076,3717.610817,219.819274,0.268554,3.723645,0.043883,0.321377,0.26017,0,20.184115,-117.435834,0.085826,0.760575,99.344013,44.0,0.769793,hvac_sensitive,2
7,25.439834,1059.993103,3911.139618,3497.971946,153.05767,0.271019,3.689778,0.218612,0.24745,0.223066,0,19.916314,-113.60213,0.08377,0.769448,98.961827,38.0,0.742372,hvac_sensitive,2
8,24.546155,1022.756467,3957.250433,3618.539305,170.260321,0.258451,3.869201,0.22745,0.306947,0.080597,0,20.125773,-117.492944,0.0867,0.757753,98.708183,45.0,0.773743,hvac_sensitive,2
9,24.908797,1037.866548,3866.018309,3619.539171,156.148645,0.268459,3.724967,0.041848,0.318322,0.254271,0,20.17042,-116.789314,0.086174,0.762057,99.234667,39.0,0.768839,hvac_sensitive,2
10,27.486118,1145.254908,3950.849983,3419.616335,149.241406,0.289876,3.449756,0.205653,0.189264,0.199806,1,19.154132,-114.69937,0.076836,0.777295,99.496955,40.0,0.703142,hvac_sensitive,2
11,24.883703,1036.820975,3830.33419,3744.75921,165.598283,0.270687,3.694306,0.117421,0.327141,0.189427,1,20.138056,-118.299058,0.086227,0.750263,99.122595,49.0,0.769936,hvac_sensitive,2
12,24.747475,1031.144803,3855.537936,3609.670845,168.029823,0.267445,3.739085,0.043316,0.321212,0.247367,0,20.160222,-115.644466,0.085911,0.759298,99.350172,45.0,0.770688,hvac_sensitive,2
13,27.183368,1132.640342,3950.876302,3435.892766,171.912428,0.286681,3.4882,0.207589,0.19098,0.169726,0,19.162745,-115.816601,0.080085,0.777432,99.189945,44.0,0.707035,hvac_sensitive,2
0,17.545384,731.057659,2185.69233,2105.107742,186.798472,0.334474,2.989767,0.07549,0.319677,0.236344,0,20.195703,-60.897244,0.113973,0.567346,128.684257,29.0,0.712568,peak_heavy,3
1,18.09902,754.125843,2294.143463,1984.233279,190.519278,0.328718,3.042123,0.204687,0.244502,0.203003,0,19.693628,-58.18451,0.107875,0.584055,128.602754,34.0,0.6863,peak_heavy,3
2,17.542946,730.95608,2235.709021,2108.412778,189.99074,0.326946,3.058609,0.183312,0.324272,0.137868,0,20.188037,-61.923961,0.11088,0.566627,128.639286,42.0,0.720935,peak_heavy,3
3,17.837285,743.220224,2176.805937,2088.153429,166.753067,0.341427,2.928884,0.077196,0.323707,0.224134,1,20.177745,-58.714454,0.109775,0.557502,128.605666,22.0,0.708331,peak_heavy,3
4,19.469062,811.210911,2333.733662,2007.276139,183.476303,0.347602,2.876852,0.195254,0.221127,0.184665,1,18.889595,-59.260587,0.101093,0.590811,128.726197,28.0,0.658015,peak_heavy,3
5,17.606601,733.608373,2176.833196,2126.042828,197.487515,0.337007,2.967296,0.102372,0.323727,0.213292,0,20.199338,-62.500521,0.112563,0.567819,129.201973,27.0,0.712115,peak_heavy,3
6,17.625029,734.376208,2208.78017,2058.189914,164.687275,0.33248,3.007696,0.102444,0.327681,0.22027,0,20.149689,-57.905154,0.110757,0.566687,128.843989,31.0,0.717642,peak_heavy,3
7,18.389637,766.23487,2297.965394,2092.315262,180.265835,0.333441,2.999035,0.201682,0.227343,0.157243,0,19.413335,-61.283295,0.106701,0.587266,128.412899,32.0,0.674566,peak_heavy,3
8,17.598056,733.252339,2166.202383,2131.416694,197.048664,0.338497,2.954239,0.075521,0.319262,0.237686,0,20.168668,-61.628319,0.112304,0.568927,128.816055,26.0,0.708933,peak_heavy,3
9,17.548079,731.169942,2221.969028,1985.174114,185.075754,0.329064,3.038923,0.182212,0.291242,0.218032,0,20.184807,-57.441036,0.111253,0.569743,128.750748,36.0,0.705398,peak_heavy,3
10,17.717696,738.23733,2313.07851,2107.214455,220.821901,0.319158,3.133245,0.211565,0.296789,0.105731,1,20.130573,-62.553457,0.111123,0.552334,128.895707,34.0,0.716503,peak_heavy,3
11,17.934688,747.278668,2185.712081,2126.616621,184.039558,0.341893,2.924896,0.077055,0.322545,0.231549,1,20.153637,-60.054152,0.108265,0.557884,129.129776,32.0,0.707432,peak_heavy,3
12,18.461393,769.224723,2292.378455,1975.218837,187.004109,0.335557,2.980115,0.201455,0.221581,0.196928,0,19.419323,-58.708007,0.108639,0.587443,128.529523,31.0,0.670058,peak_heavy,3
13,17.506254,729.427236,2184.926794,2139.253053,212.054324,0.333845,2.995401,0.159043,0.320313,0.164269,0,20.148043,-63.301439,0.113721,0.565004,128.923686,33.0,0.713377,peak_heavy,3
0,16.3524,681.349987,2264.05505,2052.544552,142.687124,0.300942,3.322896,0.121479,0.322685,0.228772,0,20.218353,-62.317544,0.169347,0.642804,69.537103,42.0,0.742527,balanced,0
1,16.706974,696.123915,2302.175046,2031.515747,137.514406,0.302377,3.307134,0.208629,0.240359,0.127444,0,19.682442,-63.153961,0.162286,0.651065,69.070635,37.0,0.709856,balanced,0
2,16.120316,671.679832,2174.754464,2131.795244,175.867441,0.308853,3.237784,0.060404,0.322792,0.243858,0,20.14162,-65.102461,0.166627,0.645718,69.883603,42.0,0.735801,balanced,0
3,16.806751,700.281304,2253.47175,2013.588917,134.454116,0.310757,3.217952,0.211372,0.261764,0.210795,1,19.919171,-60.995534,0.162155,0.641425,70.722292,41.0,0.710217,balanced,0
4,16.043674,668.486425,2324.392823,2061.773125,147.745182,0.287596,3.477098,0.219982,0.315423,0.088606,1,20.166108,-63.609674,0.168299,0.637178,69.18559,39.0,0.751307,balanced,0
5,16.295777,678.9907,2196.978039,2124.204661,131.477766,0.309057,3.235653,0.063476,0.320313,0.237727,0,20.167479,-64.290948,0.168637,0.637583,69.200913,39.0,0.734659,balanced,0
6,17.483373,728.473873,2261.508521,2026.885861,128.961507,0.322119,3.104447,0.200225,0.214887,0.190554,0,19.203663,-61.01651,0.155231,0.673485,69.547259,49.0,0.680548,balanced,0
7,15.892871,662.202978,2264.489634,2105.173152,142.791175,0.292429,3.419631,0.123647,0.33239,0.182615,0,20.132675,-65.241067,0.168444,0.640694,69.479204,41.0,0.753395,balanced,0
8,16.144632,672.692981,2187.67169,2092.323649,151.271751,0.307493,3.25211,0.061642,0.325304,0.230843,0,20.179986,-63.17413,0.168223,0.64496,69.984199,38.0,0.73794,balanced,0
9,17.590863,732.952614,2315.97451,1990.662859,106.371223,0.316477,3.159788,0.199761,0.214633,0.168182,0,19.191442,-61.584311,0.154679,0.669687,68.919988,40.0,0.686041,balanced,0
10,16.369401,682.058373,2272.779332,2137.885144,129.006712,0.300099,3.332236,0.063105,0.328545,0.240807,1,20.172883,-64.645525,0.168438,0.632615,70.074179,44.0,0.74547,balanced,0
11,16.46276,685.948348,2266.085631,2060.775224,144.915805,0.302702,3.303581,0.153926,0.30774,0.221327,1,20.214345,-61.962388,0.165102,0.632727,68.891256,38.0,0.735307,balanced,0
12,16.293577,678.899038,2344.222898,2000.252667,118.635735,0.289605,3.452977,0.217113,0.267134,0.106335,0,19.864008,-63.563642,0.1672,0.646072,69.50874,39.0,0.731905,balanced,0
13,15.987931,666.163784,2163.500581,2107.336356,151.270606,0.30791,3.247701,0.064342,0.324579,0.241576,0,20.175635,-64.674843,0.170692,0.644371,69.132593,46.0,0.737302,balanced,0
0,12.853581,535.565865,1512.056537,1336.956479,129.264361,0.354197,2.823288,0.193271,0.227032,0.18465,0,18.956162,-37.354156,0.245353,0.577955,54.293515,31.0,0.654169,low_baseload,1
1,11.81158,492.149158,1434.384589,1376.66065,146.537667,0.343108,2.914532,0.107919,0.323989,0.212874,0,20.149382,-39.863628,0.266393,0.536589,54.83471,28.0,0.707017,low_baseload,1
2,11.713848,488.077006,1452.997333,1332.389497,137.424148,0.33591,2.976984,0.10413,0.329433,0.219553,0,20.167828,-36.648173,0.266622,0.546296,54.837505,29.0,0.715473,low_baseload,1
3,12.586944,524.455997,1553.145993,1362.248048,138.358417,0.337673,2.961442,0.20145,0.236081,0.153479,1,19.427204,-39.144417,0.249341,0.555847,54.789508,28.0,0.674162,low_baseload,1
4,11.946225,497.759373,1452.230751,1385.234825,142.940464,0.342755,2.917536,0.081702,0.321979,0.23223,1,20.142992,-39.37511,0.262955,0.535101,55.040411,30.0,0.706448,low_baseload,1
5,11.789638,491.234932,1502.52695,1317.875798,113.307637,0.326939,3.058673,0.183505,0.294979,0.21084,0,20.194947,-36.269157,0.266706,0.542829,54.494407,25.0,0.708843,low_baseload,1
6,11.686875,486.95314,1487.537463,1382.647867,112.120803,0.327355,3.054786,0.212968,0.295675,0.111654,0,20.173635,-40.033271,0.267367,0.539471,54.935963,30.0,0.708761,low_baseload,1
7,11.751402,489.641731,1426.076814,1384.562278,116.605621,0.343349,2.91249,0.078221,0.323462,0.230957,0,20.151375,-38.425235,0.267416,0.544563,54.617498,33.0,0.706583,low_baseload,1
8,12.410999,517.124975,1509.618528,1300.497772,108.724243,0.342553,2.919253,0.19713,0.230508,0.198491,0,19.412963,-37.099162,0.251924,0.565429,54.182673,34.0,0.667041,low_baseload,1
9,11.805979,491.915796,1446.946485,1400.254486,134.164461,0.339968,2.941452,0.158696,0.326123,0.160298,0,20.147962,-39.954647,0.266209,0.534896,54.331202,37.0,0.710615,low_baseload,1
10,11.979124,499.130162,1436.63431,1361.359392,131.740046,0.34743,2.878276,0.082991,0.325148,0.222206,1,20.194013,-37.319499,0.26115,0.533316,55.366499,38.0,0.703835,low_baseload,1
11,12.869663,536.235948,1566.182307,1330.102118,128.087094,0.342384,2.920696,0.198072,0.225998,0.181687,1,18.924781,-38.496138,0.241744,0.572177,54.677473,31.0,0.665256,low_baseload,1
12,11.652517,485.521529,1423.648574,1377.76321,134.568074,0.34104,2.932205,0.081723,0.325382,0.232942,0,20.157597,-39.777226,0.265717,0.544247,54.959282,27.0,0.709383,low_baseload,1
13,11.840559,493.356621,1462.522946,1340.058777,110.390182,0.337333,2.964434,0.129518,0.326119,0.217669,0,20.159189,-36.742571,0.262973,0.541205,54.499232,27.0,0.712856,low_baseload,1
0,24.638679,1026.611635,4005.242882,3682.179192,166.86497,0.256317,3.90142,0.228671,0.307994,0.079947,0,20.154601,-119.360169,0.086474,0.771084,97.97287,49.0,0.77595,hvac_sensitive,2
1,25.019672,1042.486342,3887.659714,3723.002191,183.155848,0.268153,3.729219,0.040152,0.315217,0.259223,0,20.199676,-119.107024,0.08678,0.77319,98.726873,45.0,0.768051,hvac_sensitive,2
2,27.532324,1147.180172,4015.106164,3481.228936,128.668424,0.285716,3.499979,0.203598,0.187253,0.200919,0,19.219513,-116.053264,0.076904,0.795341,97.099435,47.0,0.706676,hvac_sensitive,2
3,24.889988,1037.082818,3953.861834,3791.363358,162.981412,0.262296,3.812484,0.116392,0.324288,0.193029,1,20.140601,-121.154386,0.087533,0.762619,97.875249,43.0,0.776122,hvac_sensitive,2
4,25.277217,1053.217371,3962.964099,3649.578127,168.983208,0.265765,3.762722,0.040588,0.320539,0.244962,1,20.202864,-116.664888,0.085258,0.767926,97.506894,38.0,0.771903,hvac_sensitive,2
5,27.393189,1141.382887,4033.282873,3447.041627,146.934256,0.282991,3.533681,0.206417,0.188138,0.171605,0,19.173734,-117.661775,0.077189,0.794347,97.801237,45.0,0.70979,hvac_sensitive,2
6,24.909582,1037.899264,3890.836732,3792.569405,174.200028,0.266755,3.748761,0.040796,0.318339,0.266098,0,20.166186,-120.86388,0.086225,0.769798,98.343255,43.0,0.770312,hvac_sensitive,2
7,25.004936,1041.872319,3966.098988,3580.017528,166.412085,0.262694,3.806703,0.151194,0.297062,0.24145,0,20.167174,-116.902793,0.084898,0.773236,98.742017,41.0,0.766748,hvac_sensitive,2
8,25.295095,1053.96229,4097.986379,3676.661506,195.379349,0.25719,3.888172,0.225018,0.248161,0.10353,0,19.903011,-119.332991,0.08544,0.775812,97.447988,49.0,0.755749,hvac_sensitive,2
9,24.878699,1036.612476,3853.345792,3734.071806,172.801604,0.269016,3.717248,0.041547,0.316383,0.263509,0,20.184723,-119.040346,0.085833,0.774068,97.709793,46.0,0.7677,hvac_sensitive,2
10,26.25439,1093.932929,3986.033329,3451.69732,130.327574,0.274441,3.643764,0.213894,0.216808,0.214955,1,19.708921,-115.09009,0.081658,0.77897,97.545864,47.0,0.728497,hvac_sensitive,2
11,24.648692,1027.028829,3962.248504,3733.031164,153.424394,0.259204,3.857972,0.190922,0.334009,0.112493,1,20.090055,-120.325668,0.0867,0.762313,98.05916,43.0,0.781945,hvac_sensitive,2
12,25.170211,1048.758804,3948.256501,3752.906944,157.935897,0.265626,3.764695,0.041021,0.317701,0.252097,0,20.187732,-118.495859,0.08578,0.771917,97.809016,45.0,0.77107,hvac_sensitive,2
13,28.184223,1174.342628,4005.968049,3506.676832,172.909434,0.293148,3.411243,0.201825,0.181818,0.196047,0,18.939205,-117.161548,0.074464,0.797787,98.948841,47.0,0.697033,hvac_sensitive,2
0,18.197282,758.220096,2357.148219,2280.757056,204.981064,0.321668,3.108792,0.071423,0.332828,0.235993,0,20.125357,-68.351506,0.153236,0.595674,79.356159,35.0,0.728916,peak_heavy,3
1,18.263024,760.959353,2435.863241,2160.562239,164.39115,0.312398,3.201043,0.187241,0.298299,0.208541,0,20.170353,-63.044566,0.153568,0.594907,79.709198,34.0,0.723103,peak_heavy,3
2,18.123982,755.165935,2449.619231,2262.980268,182.532287,0.308279,3.243816,0.214335,0.302519,0.095036,0,20.154214,-67.462438,0.15538,0.591586,79.021183,38.0,0.728397,peak_heavy,3
3,18.688614,778.692252,2363.096406,2293.071881,196.706903,0.329522,3.034699,0.074134,0.331127,0.226774,1,20.163363,-66.035741,0.148671,0.584486,78.963855,38.0,0.72159,peak_heavy,3
4,19.681273,820.053041,2515.24893,2119.108763,166.713025,0.326033,3.067178,0.202625,0.233249,0.191004,1,19.457004,-63.279637,0.142437,0.604429,79.483887,30.0,0.684229,peak_heavy,3
5,18.163863,756.827624,2355.7311,2285.742045,154.874428,0.321271,3.112639,0.157768,0.333213,0.151378,0,20.153961,-68.600817,0.153652,0.591874,78.699588,42.0,0.729407,peak_heavy,3
6,18.253609,760.567056,2362.577097,2240.384565,171.706758,0.321923,3.106336,0.072807,0.332881,0.221764,0,20.17285,-64.269711,0.151782,0.595165,78.175371,27.0,0.728723,peak_heavy,3
7,19.953077,831.378223,2476.506792,2185.655602,161.880228,0.335706,2.978797,0.196414,0.22276,0.179634,0,18.919792,-65.529741,0.140392,0.631016,78.328422,36.0,0.670412,peak_heavy,3
8,18.25141,760.475396,2322.026241,2286.338045,201.482176,0.327505,3.053388,0.070732,0.330094,0.237502,0,20.170423,-68.454288,0.151255,0.595521,79.617066,33.0,0.722866,peak_heavy,3
9,18.305441,762.726714,2407.167407,2239.24945,155.486126,0.316857,3.156002,0.128507,0.336953,0.216485,0,20.136415,-63.30582,0.153844,0.597088,78.751319,37.0,0.734622,peak_heavy,3
10,19.195215,799.800613,2491.705638,2228.100168,188.281236,0.320985,3.115409,0.208862,0.261597,0.127402,1,19.63255,-66.687359,0.14675,0.595986,79.15361,31.0,0.700611,peak_heavy,3
11,18.792616,783.025674,2408.759917,2313.455817,180.822514,0.325074,3.076221,0.074232,0.331543,0.228153,1,20.173039,-67.261106,0.148829,0.583102,78.441686,32.0,0.725518,peak_heavy,3
12,18.745183,781.049276,2436.313068,2127.423808,163.817067,0.320587,3.119282,0.207832,0.274618,0.202276,0,19.943923,-62.563239,0.149342,0.601853,79.132126,32.0,0.706255,peak_heavy,3
13,18.173167,757.215283,2405.335419,2261.754116,177.093624,0.314807,3.176554,0.214239,0.317171,0.097564,0,20.172542,-68.365348,0.154802,0.595108,79.79385,39.0,0.728473,peak_heavy,3
0,17.145214,714.383937,2408.399773,2182.404512,129.898903,0.296622,3.371296,0.059581,0.325346,0.233376,0,20.173967,-68.14374,0.154407,0.667409,67.009001,26.0,0.74722,balanced,0
1,18.543616,772.650651,2473.803427,2194.369526,129.170724,0.312333,3.20171,0.201566,0.209476,0.172229,0,19.205524,-69.54833,0.144505,0.69401,67.689169,33.0,0.688118,balanced,0
2,17.116405,713.183559,2357.37293,2289.256722,169.824104,0.302533,3.305422,0.05893,0.324442,0.251006,0,20.203359,-71.476299,0.153241,0.666826,67.964395,27.0,0.741837,balanced,0
3,17.339122,722.463428,2445.613287,2154.445186,150.637827,0.295412,3.385103,0.153162,0.308904,0.223664,1,20.214369,-66.96733,0.151384,0.659783,68.291188,30.0,0.742116,balanced,0
4,17.504068,729.336153,2533.770692,2288.641148,127.822075,0.287846,3.474078,0.216206,0.261635,0.112656,1,19.847973,-72.000188,0.153773,0.662669,67.477339,39.0,0.731534,balanced,0
5,17.068217,711.17572,2374.235295,2260.229184,164.764966,0.299539,3.338465,0.059741,0.324623,0.246373,0,20.139635,-69.830561,0.155025,0.667392,67.821304,25.0,0.744461,balanced,0
6,17.843901,743.49589,2497.425502,2145.78192,141.693318,0.297705,3.359031,0.212026,0.234495,0.207183,0,19.652192,-67.689917,0.148534,0.683525,67.299557,26.0,0.712133,balanced,0
7,16.954749,706.447866,2401.541807,2332.685689,145.199262,0.294164,3.399461,0.185959,0.331899,0.127653,0,20.120809,-71.76948,0.155413,0.665243,67.216622,33.0,0.75175,balanced,0
8,17.033673,709.736362,2424.120499,2229.153191,131.479174,0.292781,3.415522,0.060128,0.324803,0.238127,0,20.13601,-69.315067,0.156634,0.667192,67.482669,28.0,0.750293,balanced,0
9,18.866416,786.100647,2478.0936,2169.696632,107.970792,0.31722,3.152387,0.197127,0.208823,0.187299,0,18.954941,-67.937326,0.139367,0.699058,67.789227,37.0,0.682976,balanced,0
10,17.15971,714.98792,2384.799814,2327.790513,137.679346,0.29981,3.335441,0.091683,0.32871,0.219014,1,20.122609,-72.009505,0.154317,0.658675,68.034242,41.0,0.745777,balanced,0
11,17.327449,721.977056,2450.948507,2155.602384,146.454566,0.29457,3.394773,0.092049,0.326151,0.228741,1,20.169776,-67.40707,0.153116,0.660909,67.454722,28.0,0.749268,balanced,0
12,17.987952,749.497991,2497.219286,2237.546743,116.858288,0.300133,3.331856,0.207207,0.214242,0.152477,0,19.388379,-70.131258,0.148268,0.685987,67.553031,35.0,0.702107,balanced,0
13,17.085406,711.89193,2385.486338,2321.784499,178.608276,0.298426,3.350911,0.059234,0.321366,0.250891,0,20.181925,-71.160341,0.154998,0.668758,67.592069,35.0,0.744182,balanced,0
0,11.919074,496.628072,1472.262636,1251.333602,130.01514,0.337323,2.964518,0.202538,0.224541,0.194807,0,19.39806,-36.246081,0.212393,0.561514,62.217685,22.0,0.669583,low_baseload,1
1,11.290582,470.440912,1360.877458,1329.357839,121.339315,0.345689,2.89277,0.155789,0.321452,0.168818,0,20.148433,-38.341017,0.22457,0.541929,61.998844,31.0,0.703705,low_baseload,1
2,11.413936,475.580664,1363.888578,1291.331914,129.432947,0.348695,2.867839,0.079422,0.322583,0.225809,0,20.203999,-35.110175,0.221921,0.541503,61.753011,24.0,0.701627,low_baseload,1
3,12.483555,520.148116,1460.55316,1296.141537,137.470807,0.356131,2.807956,0.194698,0.22251,0.1891,1,18.877147,-37.311629,0.202598,0.563555,62.231102,24.0,0.650246,low_baseload,1
4,11.501902,479.245917,1366.812331,1337.744876,151.071237,0.35063,2.852006,0.080591,0.319798,0.238431,1,20.183105,-38.339078,0.221256,0.525276,61.921441,29.0,0.698737,low_baseload,1
5,11.211914,467.163092,1416.090193,1285.742905,115.766216,0.329896,3.031254,0.129705,0.327259,0.220105,0,20.174005,-35.492965,0.226731,0.54763,62.098747,25.0,0.719661,low_baseload,1
6,11.624704,484.362648,1420.297159,1305.954578,131.026732,0.341029,2.932301,0.203772,0.249634,0.14206,0,19.641491,-37.829788,0.219044,0.556543,61.58549,30.0,0.676762,low_baseload,1
7,11.294658,470.610766,1386.284919,1327.43587,136.917831,0.339476,2.945714,0.082106,0.316877,0.23857,0,20.16378,-37.352772,0.221177,0.542566,60.986722,35.0,0.707069,low_baseload,1
8,11.567448,481.976988,1476.857733,1251.772997,105.55124,0.326353,3.064166,0.20298,0.26907,0.211397,0,19.921355,-35.518637,0.218577,0.549478,61.505414,32.0,0.698685,low_baseload,1
9,11.274017,469.750699,1390.612583,1323.307761,130.215784,0.337801,2.96032,0.206794,0.309299,0.115724,0,20.159876,-38.111243,0.225246,0.540924,61.84575,22.0,0.705281,low_baseload,1
10,11.444924,476.871813,1390.162268,1318.319481,117.87999,0.343033,2.91517,0.081849,0.32181,0.231448,1,20.172164,-36.500222,0.219686,0.535159,61.636888,23.0,0.706137,low_baseload,1
11,12.198161,508.256725,1471.892939,1258.035696,116.731831,0.345308,2.895964,0.197134,0.226504,0.190723,1,19.121291,-36.424063,0.206888,0.562628,61.791981,28.0,0.662617,low_baseload,1
12,11.262666,469.277753,1378.93189,1322.218218,118.100412,0.34032,2.938413,0.127355,0.323935,0.192389,0,20.124673,-38.304588,0.225337,0.537773,62.375574,20.0,0.709375,low_baseload,1
13,11.344392,472.682981,1378.480833,1308.570319,110.760769,0.342901,2.91629,0.078107,0.326852,0.22395,0,20.153452,-35.655764,0.224098,0.542478,61.114676,21.0,0.708433,low_baseload,1
0,23.547552,981.147993,3672.831586,3401.699693,155.266177,0.267137,3.743402,0.221937,0.253749,0.106732,0,19.895823,-108.70738,0.08368,0.755299,96.277593,51.0,0.748188,hvac_sensitive,2
1,22.993923,958.08013,3589.71068,3451.999114,143.979619,0.266896,3.746775,0.044744,0.314598,0.256771,0,20.146332,-108.998251,0.084521,0.751926,95.560371,48.0,0.768929,hvac_sensitive,2
2,24.451444,1018.810169,3691.376704,3208.067217,147.17487,0.275997,3.623223,0.214283,0.217838,0.218237,0,19.647176,-105.862918,0.080075,0.764679,96.353934,38.0,0.727316,hvac_sensitive,2
3,23.228414,967.850579,3590.204178,3436.490316,181.483101,0.269581,3.709461,0.189296,0.329024,0.120701,1,20.160139,-109.831214,0.084271,0.742203,95.743412,50.0,0.771517,hvac_sensitive,2
4,23.628054,984.50227,3608.768468,3312.322996,149.6212,0.272808,3.665577,0.045872,0.320115,0.246847,1,20.234583,-105.978998,0.081371,0.747072,96.341572,35.0,0.765712,hvac_sensitive,2
5,26.114184,1088.090996,3609.258723,3199.027153,158.02004,0.301472,3.317056,0.198053,0.184607,0.197948,0,18.932173,-106.335678,0.073916,0.780305,95.689801,39.0,0.689493,hvac_sensitive,2
6,23.183856,965.994015,3519.952054,3472.677281,135.395195,0.274434,3.643865,0.080181,0.322242,0.229794,0,20.141883,-109.299719,0.082325,0.753139,95.364444,40.0,0.765053,hvac_sensitive,2
7,23.286437,970.268226,3606.874301,3316.815692,144.126862,0.269005,3.717399,0.078417,0.324117,0.246213,0,20.181083,-106.271059,0.082252,0.754587,95.834801,31.0,0.770338,hvac_sensitive,2
8,24.779063,1032.460957,3719.547346,3295.882304,124.818678,0.277577,3.602603,0.211473,0.199488,0.151785,0,19.423391,-107.215182,0.077283,0.771623,95.896448,43.0,0.719321,hvac_sensitive,2
9,23.040881,960.036706,3531.639658,3440.897324,189.686831,0.271839,3.678651,0.044301,0.317298,0.263203,0,20.183503,-109.163115,0.0836,0.756964,95.798998,41.0,0.765577,hvac_sensitive,2
10,23.173599,965.566605,3688.503159,3189.018529,129.605904,0.261777,3.82004,0.189177,0.282057,0.226616,1,20.140901,-105.28868,0.084285,0.745477,95.901181,44.0,0.762601,hvac_sensitive,2
11,23.118059,963.252463,3660.433959,3432.178437,145.435424,0.263153,3.800077,0.227218,0.282047,0.085966,1,20.124256,-109.63728,0.084123,0.744071,96.445844,41.0,0.76135,hvac_sensitive,2
12,23.356407,973.183612,3555.08737,3404.915202,168.994708,0.273744,3.653049,0.043168,0.318538,0.257179,0,20.200202,-107.310943,0.082535,0.756269,96.194193,38.0,0.764363,hvac_sensitive,2
13,25.052367,1043.848628,3646.342799,3151.752663,142.317713,0.286273,3.493172,0.209038,0.192067,0.206647,0,19.443477,-105.44733,0.076902,0.768919,96.40365,42.0,0.707845,hvac_sensitive,2
0,15.401207,641.716962,1889.643374,1844.501167,200.453073,0.339597,2.944668,0.082263,0.330488,0.227284,0,20.121736,-51.999997,0.165959,0.529234,90.279758,40.0,0.712803,peak_heavy,3
1,15.423216,642.634014,1867.507312,1718.836596,148.13264,0.344113,2.90602,0.132414,0.331973,0.212047,0,20.141988,-47.538586,0.168463,0.530167,90.513271,27.0,0.709629,peak_heavy,3
2,15.984973,666.040546,1929.290362,1765.746817,156.529728,0.345226,2.896656,0.203319,0.2584,0.136528,0,19.65903,-50.821737,0.163104,0.540543,91.243958,33.0,0.676607,peak_heavy,3
3,15.940912,664.204662,1912.287117,1859.219621,203.839434,0.347335,2.879063,0.084337,0.333934,0.223379,1,20.167613,-50.405059,0.159726,0.516528,91.296184,40.0,0.707771,peak_heavy,3
4,16.139045,672.460224,1913.793985,1682.41437,155.278926,0.351375,2.845959,0.204633,0.280268,0.196918,1,19.919349,-45.848812,0.157781,0.523646,90.640776,35.0,0.680552,peak_heavy,3
5,15.400761,641.698388,1907.947957,1807.387583,159.280222,0.336329,2.973278,0.208508,0.317296,0.108121,0,20.151837,-51.897822,0.170134,0.52788,90.833939,41.0,0.709962,peak_heavy,3
6,15.502882,645.953423,1873.140973,1783.789588,162.246141,0.34485,2.899808,0.083896,0.328417,0.222708,0,20.215851,-48.555578,0.164106,0.531576,91.548284,36.0,0.707458,peak_heavy,3
7,16.474678,686.44491,1952.703271,1675.623285,157.44821,0.351536,2.844661,0.196036,0.234724,0.185994,0,19.209441,-47.408248,0.155037,0.563796,91.050639,36.0,0.660183,peak_heavy,3
8,15.347934,639.49723,1854.644764,1799.092795,168.222273,0.344808,2.900161,0.132766,0.328435,0.183114,0,20.172471,-52.071422,0.165444,0.532073,90.672438,39.0,0.707501,peak_heavy,3
9,15.719444,654.976826,1890.394281,1772.169746,143.971829,0.346476,2.8862,0.082925,0.331914,0.216062,0,20.194799,-47.235723,0.165916,0.525865,91.029025,40.0,0.707609,peak_heavy,3
10,17.028716,709.529846,2011.468345,1761.148422,157.849674,0.352742,2.834931,0.19831,0.237652,0.166511,1,19.128254,-50.140348,0.152343,0.538072,90.315264,35.0,0.660321,peak_heavy,3
11,15.765881,656.911689,1905.44455,1814.520597,171.622087,0.344755,2.90061,0.084989,0.332079,0.223463,1,20.181065,-51.005333,0.162708,0.516456,90.983053,39.0,0.709134,peak_heavy,3
12,15.583937,649.330704,1906.362041,1699.366153,132.252332,0.340612,2.935888,0.15752,0.315882,0.206963,0,20.165177,-46.672793,0.164787,0.526096,90.85213,34.0,0.70566,peak_heavy,3
13,15.62128,650.88668,1925.534196,1771.836245,142.430626,0.338029,2.958325,0.207395,0.280334,0.121763,0,19.873188,-51.698309,0.165369,0.527955,90.677814,44.0,0.692714,peak_heavy,3
