split,timestamp,schema_version,feature_set_id,target_timestamp,target_household_power_w,predicted_household_power_w,forecast_error_w,absolute_error_w,horizon_minutes,minute_of_day,day_of_week,is_weekend,minute_sin,minute_cos,dow_sin,dow_cos,target_minute_of_day,target_day_of_week,target_is_weekend,target_minute_sin,target_minute_cos,target_dow_sin,target_dow_cos,linky_household_power_w,linky_household_power_w_missing,linky_household_power_mean_1h_w,linky_household_power_std_1h_w,linky_household_power_delta_1h_w,linky_household_power_mean_24h_w,linky_household_power_std_24h_w,plug_1_power_w,plug_1_power_w_missing,plug_1_power_mean_1h_w,plug_2_power_w,plug_2_power_w_missing,plug_2_power_mean_1h_w,monitored_plug_share,indoor_temperature_c,indoor_humidity_pct,environment_missing_flag,temperature_delta_1h_c,load_event_type_code,load_event_direction_code
train,2026-04-29T13:02:59,1.0,long_term_load_forecast_v1,2026-04-29T13:03:59,40.39,43.9318,3.5418,3.5418,1,782,2,0,-0.267238,-0.96363,0.974928,-0.222521,783,2,0,-0.27144,-0.962455,0.974928,-0.222521,21.09,1,21.09,0.0,0.0,21.09,0.0,0.0,1,0.0,21.09,0,21.09,1.0,0.0,0.0,1,0.0,1,0
train,2026-04-29T13:03:29,1.0,long_term_load_forecast_v1,2026-04-29T13:04:29,42.69,46.3402,3.6502,3.6502,1,783,2,0,-0.27144,-0.962455,0.974928,-0.222521,784,2,0,-0.275637,-0.961262,0.974928,-0.222521,40.42,1,30.755,9.665,19.33,30.755,9.665,0.0,0,0.0,40.42,0,30.755,1.0,0.0,0.0,1,0.0,0,0
train,2026-04-29T13:03:59,1.0,long_term_load_forecast_v1,2026-04-29T13:04:59,47.21,46.308,-0.902,0.902,1,783,2,0,-0.27144,-0.962455,0.974928,-0.222521,784,2,0,-0.275637,-0.961262,0.974928,-0.222521,40.39,1,33.966667,9.105187,19.3,33.966667,9.105187,0.0,0,0.0,40.39,0,33.966667,1.0,0.0,0.0,1,0.0,0,0
train,2026-04-29T13:04:29,1.0,long_term_load_forecast_v1,2026-04-29T13:05:29,47.33,46.2263,-1.1037,1.1037,1,784,2,0,-0.275637,-0.961262,0.974928,-0.222521,785,2,0,-0.279829,-0.96005,0.974928,-0.222521,42.69,1,36.1475,8.743364,21.6,36.1475,8.743364,0.0,0,0.0,42.69,0,36.1475,1.0,0.0,0.0,1,0.0,0,0
train,2026-04-29T13:04:59,1.0,long_term_load_forecast_v1,2026-04-29T13:05:59,52.98,46.523,-6.457,6.457,1,784,2,0,-0.275637,-0.961262,0.974928,-0.222521,785,2,0,-0.279829,-0.96005,0.974928,-0.222521,47.21,1,38.36,8.985419,26.12,38.36,8.985419,0.0,0,0.0,47.21,0,38.36,1.0,0.0,0.0,1,0.0,0,0
train,2026-04-29T13:05:29,1.0,long_term_load_forecast_v1,2026-04-29T13:06:29,48.63,46.2594,-2.3706,2.3706,1,785,2,0,-0.279829,-0.96005,0.974928,-0.222521,786,2,0,-0.284015,-0.95882,0.974928,-0.222521,47.33,1,39.855,8.857573,26.24,39.855,8.857573,0.0,0,0.0,47.33,0,39.855,1.0,23.6,47.5,0,0.0,0,0
train,2026-04-29T13:05:59,1.0,long_term_load_forecast_v1,2026-04-29T13:06:59,52.6,46.6471,-5.9529,5.9529,1,785,2,0,-0.279829,-0.96005,0.974928,-0.222521,786,2,0,-0.284015,-0.95882,0.974928,-0.222521,52.98,1,41.73,9.399056,31.89,41.73,9.399056,0.0,0,0.0,52.98,0,41.73,1.0,23.6,47.5,0,0.0,0,0
train,2026-04-29T13:06:29,1.0,long_term_load_forecast_v1,2026-04-29T13:07:29,51.62,46.1821,-5.4379,5.4379,1,786,2,0,-0.284015,-0.95882,0.974928,-0.222521,787,2,0,-0.288196,-0.957571,0.974928,-0.222521,48.63,1,42.5925,9.083326,27.54,42.5925,9.083326,0.0,0,0.0,48.63,0,42.5925,1.0,23.6,47.5,0,0.0,0,0
train,2026-04-29T13:06:59,1.0,long_term_load_forecast_v1,2026-04-29T13:07:59,47.81,46.4191,-1.3909,1.3909,1,786,2,0,-0.284015,-0.95882,0.974928,-0.222521,787,2,0,-0.288196,-0.957571,0.974928,-0.222521,52.6,1,43.704444,9.123089,31.51,43.704444,9.123089,0.0,0,0.0,52.6,0,43.704444,1.0,23.6,47.5,0,0.0,0,0
train,2026-04-29T13:07:29,1.0,long_term_load_forecast_v1,2026-04-29T13:08:29,46.52,46.1598,-0.3602,0.3602,1,787,2,0,-0.288196,-0.957571,0.974928,-0.222521,788,2,0,-0.292372,-0.956305,0.974928,-0.222521,51.62,1,44.496,8.974783,30.53,44.496,8.974783,0.0,0,0.0,51.62,0,44.496,1.0,23.6,47.5,0,0.0,0,0
train,2026-04-29T13:07:59,1.0,long_term_load_forecast_v1,2026-04-29T13:08:59,46.42,45.91,-0.51,0.51,1,787,2,0,-0.288196,-0.957571,0.974928,-0.222521,788,2,0,-0.292372,-0.956305,0.974928,-0.222521,47.81,1,44.797273,8.609991,26.72,44.797273,8.609991,0.0,0,0.0,47.81,0,44.797273,1.0,23.6,48.5,0,0.0,0,0
train,2026-04-29T13:08:29,1.0,long_term_load_forecast_v1,2026-04-29T13:09:29,47.08,45.607,-1.473,1.473,1,788,2,0,-0.292372,-0.956305,0.974928,-0.222521,789,2,0,-0.296542,-0.95502,0.974928,-0.222521,46.52,1,44.940833,8.257178,25.43,44.940833,8.257178,0.0,0,0.0,46.52,0,44.940833,1.0,23.6,48.5,0,0.0,0,0
train,2026-04-29T13:08:59,1.0,long_term_load_forecast_v1,2026-04-29T13:09:59,42.63,45.5711,2.9411,2.9411,1,788,2,0,-0.292372,-0.956305,0.974928,-0.222521,789,2,0,-0.296542,-0.95502,0.974928,-0.222521,46.42,1,45.054615,7.943026,25.33,45.054615,7.943026,0.0,0,0.0,46.42,0,45.054615,1.0,23.6,48.5,0,0.0,0,0
train,2026-04-29T13:09:29,1.0,long_term_load_forecast_v1,2026-04-29T13:10:29,45.57,45.3854,-0.1846,0.1846,1,789,2,0,-0.296542,-0.95502,0.974928,-0.222521,790,2,0,-0.300706,-0.953717,0.974928,-0.222521,47.08,1,45.199286,7.671844,25.99,45.199286,7.671844,0.0,0,0.0,47.08,0,45.199286,1.0,23.6,48.5,0,0.0,0,0
train,2026-04-29T13:09:59,1.0,long_term_load_forecast_v1,2026-04-29T13:10:59,43.32,45.1096,1.7896,1.7896,1,789,2,0,-0.296542,-0.95502,0.974928,-0.222521,790,2,0,-0.300706,-0.953717,0.974928,-0.222521,42.63,1,45.028,7.439363,21.54,45.028,7.439363,0.0,0,0.0,42.63,0,45.028,1.0,23.6,48.5,0,0.0,0,0
train,2026-04-29T13:10:29,1.0,long_term_load_forecast_v1,2026-04-29T13:11:29,37.42,44.7689,7.3489,7.3489,1,790,2,0,-0.300706,-0.953717,0.974928,-0.222521,791,2,0,-0.304864,-0.952396,0.974928,-0.222521,45.57,1,45.061875,7.204327,24.48,45.061875,7.204327,0.0,0,0.0,45.57,0,45.061875,1.0,24.1,48.5,0,0.5,0,0
train,2026-04-29T13:10:59,1.0,long_term_load_forecast_v1,2026-04-29T13:11:59,46.32,44.6208,-1.6992,1.6992,1,790,2,0,-0.300706,-0.953717,0.974928,-0.222521,791,2,0,-0.304864,-0.952396,0.974928,-0.222521,43.32,1,44.959412,7.001231,22.23,44.959412,7.001231,0.0,0,0.0,43.32,0,44.959412,1.0,24.1,48.5,0,0.5,0,0
train,2026-04-29T13:11:29,1.0,long_term_load_forecast_v1,2026-04-29T13:12:29,34.62,44.0871,9.4671,9.4671,1,791,2,0,-0.304864,-0.952396,0.974928,-0.222521,792,2,0,-0.309017,-0.951057,0.974928,-0.222521,37.42,1,44.540556,7.019725,16.33,44.540556,7.019725,0.0,0,0.0,37.42,0,44.540556,1.0,24.1,48.5,0,0.5,0,0
train,2026-04-29T13:11:59,1.0,long_term_load_forecast_v1,2026-04-29T13:12:59,45.47,44.5734,-0.8966,0.8966,1,791,2,0,-0.304864,-0.952396,0.974928,-0.222521,792,2,0,-0.309017,-0.951057,0.974928,-0.222521,46.32,1,44.634211,6.844043,25.23,44.634211,6.844043,0.0,0,0.0,46.32,0,44.634211,1.0,24.1,48.5,0,0.5,0,0
test,2026-04-29T13:12:29,1.0,long_term_load_forecast_v1,2026-04-29T13:13:29,44.26,43.7265,-0.5335,0.5335,1,792,2,0,-0.309017,-0.951057,0.974928,-0.222521,793,2,0,-0.313164,-0.949699,0.974928,-0.222521,34.62,1,44.1335,7.018717,13.53,44.1335,7.018717,0.0,0,0.0,34.62,0,44.1335,1.0,24.1,47.5,0,0.5,0,0
test,2026-04-29T13:12:59,1.0,long_term_load_forecast_v1,2026-04-29T13:13:59,42.84,44.3239,1.4839,1.4839,1,792,2,0,-0.309017,-0.951057,0.974928,-0.222521,793,2,0,-0.313164,-0.949699,0.974928,-0.222521,45.47,1,44.197143,6.855477,24.38,44.197143,6.855477,0.0,0,0.0,45.47,0,44.197143,1.0,24.1,47.5,0,0.5,0,0
test,2026-04-29T13:13:29,1.0,long_term_load_forecast_v1,2026-04-29T13:14:29,45.31,44.0393,-1.2707,1.2707,1,793,2,0,-0.313164,-0.949699,0.974928,-0.222521,794,2,0,-0.317305,-0.948324,0.974928,-0.222521,44.26,1,44.2,6.697871,23.17,44.2,6.697871,0.0,0,0.0,44.26,0,44.2,1.0,24.1,47.5,0,0.5,0,0
test,2026-04-29T13:13:59,1.0,long_term_load_forecast_v1,2026-04-29T13:14:59,42.59,43.9446,1.3546,1.3546,1,793,2,0,-0.313164,-0.949699,0.974928,-0.222521,794,2,0,-0.317305,-0.948324,0.974928,-0.222521,42.84,1,44.14087,6.556516,21.75,44.14087,6.556516,0.0,0,0.0,42.84,0,44.14087,1.0,24.1,47.5,0,0.5,0,0
test,2026-04-29T13:14:29,1.0,long_term_load_forecast_v1,2026-04-29T13:15:29,45.7,43.8699,-1.8301,1.8301,1,794,2,0,-0.317305,-0.948324,0.974928,-0.222521,795,2,0,-0.321439,-0.94693,0.974928,-0.222521,45.31,1,44.189583,6.422719,24.22,44.189583,6.422719,0.0,0,0.0,45.31,0,44.189583,1.0,24.1,47.5,0,0.5,0,0
test,2026-04-29T13:14:59,1.0,long_term_load_forecast_v1,2026-04-29T13:15:59,45.31,43.7035,-1.6065,1.6065,1,794,2,0,-0.317305,-0.948324,0.974928,-0.222521,795,2,0,-0.321439,-0.94693,0.974928,-0.222521,42.59,1,44.1256,6.300756,21.5,44.1256,6.300756,0.0,0,0.0,42.59,0,44.1256,1.0,24.1,47.5,0,0.5,0,0
test,2026-04-29T13:15:29,1.0,long_term_load_forecast_v1,2026-04-29T13:16:29,44.91,43.6661,-1.2439,1.2439,1,795,2,0,-0.321439,-0.94693,0.974928,-0.222521,796,2,0,-0.325568,-0.945519,0.974928,-0.222521,45.7,1,44.186154,6.185813,24.61,44.186154,6.185813,0.0,0,0.0,45.7,0,44.186154,1.0,24.1,47.5,0,0.5,0,0
test,2026-04-29T13:15:59,1.0,long_term_load_forecast_v1,2026-04-29T13:16:59,42.64,43.6333,0.9933,0.9933,1,795,2,0,-0.321439,-0.94693,0.974928,-0.222521,796,2,0,-0.325568,-0.945519,0.974928,-0.222521,45.31,1,44.227778,6.07389,24.22,44.227778,6.07389,0.0,0,0.0,45.31,0,44.227778,1.0,24.1,47.5,0,0.5,0,0
test,2026-04-29T13:16:29,1.0,long_term_load_forecast_v1,2026-04-29T13:17:29,44.21,43.397,-0.813,0.813,1,796,2,0,-0.325568,-0.945519,0.974928,-0.222521,797,2,0,-0.329691,-0.944089,0.974928,-0.222521,44.91,1,44.252143,5.965785,23.82,44.252143,5.965785,0.0,0,0.0,44.91,0,44.252143,1.0,24.1,47.5,0,0.5,0,0
